{"0": {"Ke": [[0.4132408180300499, -0.2521389816360601, -0.16110183639398984], [-0.2521389816360601, 0.758816777963272, -0.5066777963272119], [-0.16110183639398984, -0.5066777963272119, 0.6677796327212018]], "Me": [[0.0, 0.0, 0.0], [0.0, 0.0, 0.0], [0.0, 0.0, 0.0]], "Qe": [[0.019498697916666672], [0.019498697916666672], [0.019498697916666672]]}, "1": {"Ke": [[0.5000000000000002, -0.5000000000000002, 0.0], [-0.5000000000000002, 1.0000000000000004, -0.5000000000000002], [0.0, -0.5000000000000002, 0.5000000000000002]], "Me": [[0.0, 0.0, 0.0], [0.0, 0.0, 0.0], [0.0, 0.0, 0.0]], "Qe": [[0.020833333333333325], [0.020833333333333325], [0.020833333333333325]]}, "2": {"Ke": [[0.6249999999999998, -0.31249999999999983, -0.31249999999999994], [-0.31249999999999983, 0.5562499999999998, -0.24374999999999983], [-0.31249999999999994, -0.24374999999999983, 0.5562499999999998]], "Me": [[0.0, 0.0, 0.0], [0.0, 0.0, 0.0], [0.0, 0.0, 0.0]], "Qe": [[0.014485677083333337], [0.014485677083333337], [0.014485677083333337]]}, "3": {"Ke": [[0.5000000000000002, -0.5000000000000002, 0.0], [-0.5000000000000002, 1.0000000000000004, -0.5000000000000002], [0.0, -0.5000000000000002, 0.5000000000000002]], "Me": [[0.0, 0.0, 0.0], [0.0, 0.0, 0.0], [0.0, 0.0, 0.0]], "Qe": [[0.020833333333333325], [0.020833333333333325], [0.020833333333333325]]}, "4": {"Ke": [[0.5000000000000002, -0.5000000000000002, 0.0], [-0.5000000000000002, 1.0000000000000004, -0.5000000000000002], [0.0, -0.5000000000000002, 0.5000000000000002]], "Me": [[0.0, 0.0, 0.0], [0.0, 0.0, 0.0], [0.0, 0.0, 0.0]], "Qe": [[0.020833333333333325], [0.020833333333333325], [0.020833333333333325]]}, "5": {"Ke": [[0.41666666666666674, -0.16666666666666669, -0.25000000000000006], [-0.16666666666666669, 0.6666666666666667, -0.5000000000000001], [-0.25000000000000006, -0.5000000000000001, 0.7500000000000001]], "Me": [[0.0, 0.0, 0.0], [0.0, 0.0, 0.0], [0.0, 0.0, 0.0]], "Qe": [[0.031249999999999997], [0.031249999999999997], [0.031249999999999997]]}, "6": {"Ke": [[0.6666666666666669, -0.1666666666666667, -0.5000000000000001], [-0.1666666666666667, 0.4166666666666668, -0.25000000000000006], [-0.5000000000000001, -0.25000000000000006, 0.7500000000000002]], "Me": [[0.0, 0.0, 0.0], [0.0, 0.0, 0.0], [0.0, 0.0, 0.0]], "Qe": [[0.03124999999999999], [0.03124999999999999], [0.03124999999999999]]}, "7": {"Ke": [[0.5000000000000002, -0.5000000000000002, 0.0], [-0.5000000000000002, 1.0000000000000004, -0.5000000000000002], [0.0, -0.5000000000000002, 0.5000000000000002]], "Me": [[0.0, 0.0, 0.0], [0.0, 0.0, 0.0], [0.0, 0.0, 0.0]], "Qe": [[0.020833333333333325], [0.020833333333333325], [0.020833333333333325]]}, "8": {"Ke": [[0.5000000000000002, -0.5000000000000002, 0.0], [-0.5000000000000002, 1.0000000000000004, -0.5000000000000002], [0.0, -0.5000000000000002, 0.5000000000000002]], "Me": [[0.0, 0.0, 0.0], [0.0, 0.0, 0.0], [0.0, 0.0, 0.0]], "Qe": [[0.020833333333333325], [0.020833333333333325], [0.020833333333333325]]}, "9": {"Ke": [[0.47794117647058826, -0.3014705882352941, -0.17647058823529413], [-0.3014705882352941, 0.7132352941176471, -0.4117647058823529], [-0.17647058823529413, -0.4117647058823529, 0.5882352941176471]], "Me": [[0.0, 0.0, 0.0], [0.0, 0.0, 0.0], [0.0, 0.0, 0.0]], "Qe": [[0.013834635416666666], [0.013834635416666666], [0.013834635416666666]]}, "10": {"Ke": [[0.5000000000000002, 0.0, -0.5000000000000002], [0.0, 0.5000000000000002, -0.5000000000000002], [-0.5000000000000002, -0.5000000000000002, 1.0000000000000004]], "Me": [[0.0, 0.0, 0.0], [0.0, 0.0, 0.0], [0.0, 0.0, 0.0]], "Qe": [[0.020833333333333325], [0.020833333333333325], [0.020833333333333325]]}, "11": {"Ke": [[0.5000000000000002, 0.0, -0.5000000000000002], [0.0, 0.5000000000000002, -0.5000000000000002], [-0.5000000000000002, -0.5000000000000002, 1.0000000000000004]], "Me": [[0.0, 0.0, 0.0], [0.0, 0.0, 0.0], [0.0, 0.0, 0.0]], "Qe": [[0.020833333333333325], [0.020833333333333325], [0.020833333333333325]]}, "12": {"Ke": [[0.5000000000000002, 0.0, -0.5000000000000002], [0.0, 0.5000000000000002, -0.5000000000000002], [-0.5000000000000002, -0.5000000000000002, 1.0000000000000004]], "Me": [[0.0, 0.0, 0.0], [0.0, 0.0, 0.0], [0.0, 0.0, 0.0]], "Qe": [[0.020833333333333325], [0.020833333333333325], [0.020833333333333325]]}, "13": {"Ke": [[0.5504691458248742, -0.32021650087770626, -0.23025264494716793], [-0.32021650087770626, 0.6404330017554124, -0.32021650087770615], [-0.23025264494716793, -0.32021650087770615, 0.550469145824874]], "Me": [[0.0, 0.0, 0.0], [0.0, 0.0, 0.0], [0.0, 0.0, 0.0]], "Qe": [[0.008333934385510318], [0.008333934385510318], [0.008333934385510318]]}, "14": {"Ke": [[0.38095238095238115, -0.047619047619047644, -0.3333333333333335], [-0.047619047619047644, 0.6622023809523813, -0.6145833333333336], [-0.3333333333333335, -0.6145833333333336, 0.9479166666666672]], "Me": [[0.0, 0.0, 0.0], [0.0, 0.0, 0.0], [0.0, 0.0, 0.0]], "Qe": [[0.013671874999999993], [0.013671874999999993], [0.013671874999999993]]}, "15": {"Ke": [[0.8888888888888888, -0.3888888888888889, -0.5], [-0.3888888888888889, 0.4513888888888889, -0.0625], [-0.5, -0.0625, 0.5625]], "Me": [[0.0, 0.0, 0.0], [0.0, 0.0, 0.0], [0.0, 0.0, 0.0]], "Qe": [[0.0146484375], [0.0146484375], [0.0146484375]]}, "16": {"Ke": [[0.6249999999999999, -0.37499999999999994, -0.24999999999999994], [-0.37499999999999994, 0.6249999999999999, -0.24999999999999994], [-0.24999999999999994, -0.24999999999999994, 0.4999999999999999]], "Me": [[0.0, 0.0, 0.0], [0.0, 0.0, 0.0], [0.0, 0.0, 0.0]], "Qe": [[0.02083333333333334], [0.02083333333333334], [0.02083333333333334]]}, "17": {"Ke": [[0.5000000000000002, 0.0, -0.5000000000000002], [0.0, 0.5000000000000002, -0.5000000000000002], [-0.5000000000000002, -0.5000000000000002, 1.0000000000000004]], "Me": [[0.0, 0.0, 0.0], [0.0, 0.0, 0.0], [0.0, 0.0, 0.0]], "Qe": [[0.020833333333333325], [0.020833333333333325], [0.020833333333333325]]}, "18": {"Ke": [[0.5000000000000002, 0.0, -0.5000000000000002], [0.0, 0.5000000000000002, -0.5000000000000002], [-0.5000000000000002, -0.5000000000000002, 1.0000000000000004]], "Me": [[0.0, 0.0, 0.0], [0.0, 0.0, 0.0], [0.0, 0.0, 0.0]], "Qe": [[0.020833333333333325], [0.020833333333333325], [0.020833333333333325]]}, "19": {"Ke": [[0.5208333333333334, 0.14583333333333334, -0.6666666666666666], [0.14583333333333334, 0.5208333333333334, -0.6666666666666666], [-0.6666666666666666, -0.6666666666666666, 1.3333333333333333]], "Me": [[0.0, 0.0, 0.0], [0.0, 0.0, 0.0], [0.0, 0.0, 0.0]], "Qe": [[0.015625], [0.015625], [0.015625]]}, "20": {"Ke": [[0.6666666666666666, -0.3333333333333333, -0.3333333333333333], [-0.3333333333333333, 0.5416666666666666, -0.20833333333333334], [-0.3333333333333333, -0.20833333333333334, 0.5416666666666666]], "Me": [[0.0, 0.0, 0.0], [0.0, 0.0, 0.0], [0.0, 0.0, 0.0]], "Qe": [[0.01220703125], [0.01220703125], [0.01220703125]]}, "21": {"Ke": [[0.625, -0.3125, -0.3125], [-0.3125, 0.5562499999999999, -0.24374999999999986], [-0.3125, -0.24374999999999986, 0.5562499999999999]], "Me": [[0.0, 0.0, 0.0], [0.0, 0.0, 0.0], [0.0, 0.0, 0.0]], "Qe": [[0.014485677083333334], [0.014485677083333334], [0.014485677083333334]]}, "22": {"Ke": [[0.49999999999999994, -0.24999999999999997, -0.24999999999999997], [-0.24999999999999997, 0.6249999999999999, -0.37499999999999994], [-0.24999999999999997, -0.37499999999999994, 0.6249999999999999]], "Me": [[0.0, 0.0, 0.0], [0.0, 0.0, 0.0], [0.0, 0.0, 0.0]], "Qe": [[0.016276041666666668], [0.016276041666666668], [0.016276041666666668]]}, "23": {"Ke": [[0.49999999999999994, -0.24999999999999997, -0.24999999999999997], [-0.24999999999999997, 0.6249999999999999, -0.37499999999999994], [-0.24999999999999997, -0.37499999999999994, 0.6249999999999999]], "Me": [[0.0, 0.0, 0.0], [0.0, 0.0, 0.0], [0.0, 0.0, 0.0]], "Qe": [[0.016276041666666668], [0.016276041666666668], [0.016276041666666668]]}, "24": {"Ke": [[0.4513888888888889, -0.3888888888888889, -0.0625], [-0.3888888888888889, 0.8888888888888888, -0.5], [-0.0625, -0.5, 0.5625]],