{"0": {"Ke": [[1.0000000000000004, -1.0000000000000004, 0.0], [-1.0000000000000004, 2.000000000000001, -1.0000000000000004], [0.0, -1.0000000000000004, 1.0000000000000004]], "Me": [[0.0, 0.0, 0.0], [0.0, 0.0, 0.0], [0.0, 0.0, 0.0]], "Qe": [[0.0], [0.0], [0.0]]}, "1": {"Ke": [[1.0000000000000004, 0.0, -1.0000000000000004], [0.0, 1.0000000000000004, -1.0000000000000004], [-1.0000000000000004, -1.0000000000000004, 2.000000000000001]], "Me": [[0.0, 0.0, 0.0], [0.0, 0.0, 0.0], [0.0, 0.0, 0.0]], "Qe": [[0.0], [0.0], [0.0]]}, "2": {"Ke": [[1.0000000000000004, 0.0, -1.0000000000000004], [0.0, 1.0000000000000004, -1.0000000000000004], [-1.0000000000000004, -1.0000000000000004, 2.000000000000001]], "Me": [[0.0, 0.0, 0.0], [0.0, 0.0, 0.0], [0.0, 0.0, 0.0]], "Qe": [[0.0], [0.0], [0.0]]}, "3": {"Ke": [[1.0000000000000004, 0.0, -1.0000000000000004], [0.0, 1.0000000000000004, -1.0000000000000004], [-1.0000000000000004, -1.0000000000000004, 2.000000000000001]], "Me": [[0.0, 0.0, 0.0], [0.0, 0.0, 0.0], [0.0, 0.0, 0.0]], "Qe": [[0.0], [0.0], [0.0]]}, "4": {"Ke": [[1.0000000000000004, 0.0, -1.0000000000000004], [0.0, 1.0000000000000004, -1.0000000000000004], [-1.0000000000000004, -1.0000000000000004, 2.000000000000001]], "Me": [[0.0, 0.0, 0.0], [0.0, 0.0, 0.0], [0.0, 0.0, 0.0]], "Qe": [[0.0], [0.0], [0.0]]}, "5": {"Ke": [[1.0000000000000004, -1.0000000000000004, 0.0], [-1.0000000000000004, 2.000000000000001, -1.0000000000000004], [0.0, -1.0000000000000004, 1.0000000000000004]], "Me": [[0.0, 0.0, 0.0], [0.0, 0.0, 0.0], [0.0, 0.0, 0.0]], "Qe": [[0.0], [0.0], [0.0]]}, "6": {"Ke": [[1.0000000000000004, 0.0, -1.0000000000000004], [0.0, 1.0000000000000004, -1.0000000000000004], [-1.0000000000000004, -1.0000000000000004, 2.000000000000001]], "Me": [[0.0, 0.0, 0.0], [0.0, 0.0, 0.0], [0.0, 0.0, 0.0]], "Qe": [[0.0], [0.0], [0.0]]}, "7": {"Ke": [[1.0000000000000004, 0.0, -1.0000000000000004], [0.0, 1.0000000000000004, -1.0000000000000004], [-1.0000000000000004, -1.0000000000000004, 2.000000000000001]], "Me": [[0.0, 0.0, 0.0], [0.0, 0.0, 0.0], [0.0, 0.0, 0.0]], "Qe": [[0.0], [0.0], [0.0]]}}