{"0": {"Ke": [[1.0000000000000004, -0.5000000000000002, -0.5000000000000002], [-0.5000000000000002, 1.0000000000000004, -0.5000000000000002], [-0.5000000000000002, -0.5000000000000002, 1.0000000000000004]], "Me": [[0.0, 0.0, 0.0], [0.0, 0.0, 0.0], [0.0, 0.0, 0.0]], "Qe": [[0.583333333333333], [0.583333333333333], [0.583333333333333]]}, "1": {"Ke": [[1.0000000000000004, 0.5000000000000002, -1.5000000000000007], [0.5000000000000002, 1.0000000000000004, -1.5000000000000007], [-1.5000000000000007, -1.5000000000000007, 3.0000000000000013]], "Me": [[0.0, 0.0, 0.0], [0.0, 0.0, 0.0], [0.0, 0.0, 0.0]], "Qe": [[0.583333333333333], [0.583333333333333], [0.583333333333333]]}, "2": {"Ke": [[1.0000000000000004, -0.5000000000000002, -0.5000000000000002], [-0.5000000000000002, 1.0000000000000004, -0.5000000000000002], [-0.5000000000000002, -0.5000000000000002, 1.0000000000000004]], "Me": [[0.0, 0.0, 0.0], [0.0, 0.0, 0.0], [0.0, 0.0, 0.0]], "Qe": [[0.583333333333333], [0.583333333333333], [0.583333333333333]]}, "3": {"Ke": [[1.0000000000000004, 0.5000000000000002, -1.5000000000000007], [0.5000000000000002, 1.0000000000000004, -1.5000000000000007], [-1.5000000000000007, -1.5000000000000007, 3.0000000000000013]], "Me": [[0.0, 0.0, 0.0], [0.0, 0.0, 0.0], [0.0, 0.0, 0.0]], "Qe": [[0.583333333333333], [0.583333333333333], [0.583333333333333]]}, "4": {"Ke": [[1.0000000000000004, -0.5000000000000002, -0.5000000000000002], [-0.5000000000000002, 1.0000000000000004, -0.5000000000000002], [-0.5000000000000002, -0.5000000000000002, 1.0000000000000004]], "Me": [[0.0, 0.0, 0.0], [0.0, 0.0, 0.0], [0.0, 0.0, 0.0]], "Qe": [[0.583333333333333], [0.583333333333333], [0.583333333333333]]}, "5": {"Ke": [[1.0000000000000004, -1.5000000000000007, 0.5000000000000002], [-1.5000000000000007, 3.0000000000000013, -1.5000000000000007], [0.5000000000000002, -1.5000000000000007, 1.0000000000000004]], "Me": [[0.0, 0.0, 0.0], [0.0, 0.0, 0.0], [0.0, 0.0, 0.0]], "Qe": [[0.583333333333333], [0.583333333333333], [0.583333333333333]]}, "6": {"Ke": [[1.0000000000000004, 0.5000000000000002, -1.5000000000000007], [0.5000000000000002, 1.0000000000000004, -1.5000000000000007], [-1.5000000000000007, -1.5000000000000007, 3.0000000000000013]], "Me": [[0.0, 0.0, 0.0], [0.0, 0.0, 0.0], [0.0, 0.0, 0.0]], "Qe": [[0.583333333333333], [0.583333333333333], [0.583333333333333]]}, "7": {"Ke": [[1.0000000000000004, -0.5000000000000002, -0.5000000000000002], [-0.5000000000000002, 1.0000000000000004, -0.5000000000000002], [-0.5000000000000002, -0.5000000000000002, 1.0000000000000004]], "Me": [[0.0, 0.0, 0.0], [0.0, 0.0, 0.0], [0.0, 0.0, 0.0]], "Qe": [[0.583333333333333], [0.583333333333333], [0.583333333333333]]}}