{"0": {"Ke": [[0.5000000000000002, -0.5000000000000002, 0.0], [-0.5000000000000002, 1.0000000000000004, -0.5000000000000002], [0.0, -0.5000000000000002, 0.5000000000000002]], "Me": [[0.04166666666666665, 0.020833333333333325, 0.020833333333333325], [0.020833333333333325, 0.04166666666666665, 0.020833333333333325], [0.020833333333333325, 0.020833333333333325, 0.04166666666666665]], "Qe": [[0.0833333333333333], [0.0833333333333333], [0.0833333333333333]]}, "1": {"Ke": [[0.5000000000000002, 0.0, -0.5000000000000002], [0.0, 0.5000000000000002, -0.5000000000000002], [-0.5000000000000002, -0.5000000000000002, 1.0000000000000004]], "Me": [[0.04166666666666665, 0.020833333333333325, 0.020833333333333325], [0.020833333333333325, 0.04166666666666665, 0.020833333333333325], [0.020833333333333325, 0.020833333333333325, 0.04166666666666665]], "Qe": [[0.0833333333333333], [0.0833333333333333], [0.0833333333333333]]}, "2": {"Ke": [[0.5000000000000002, 0.0, -0.5000000000000002], [0.0, 0.5000000000000002, -0.5000000000000002], [-0.5000000000000002, -0.5000000000000002, 1.0000000000000004]], "Me": [[0.04166666666666665, 0.020833333333333325, 0.020833333333333325], [0.020833333333333325, 0.04166666666666665, 0.020833333333333325], [0.020833333333333325, 0.020833333333333325, 0.04166666666666665]], "Qe": [[0.0833333333333333], [0.0833333333333333], [0.0833333333333333]]}, "3": {"Ke": [[0.5000000000000002, 0.0, -0.5000000000000002], [0.0, 0.5000000000000002, -0.5000000000000002], [-0.5000000000000002, -0.5000000000000002, 1.0000000000000004]], "Me": [[0.04166666666666665, 0.020833333333333325, 0.020833333333333325], [0.020833333333333325, 0.04166666666666665, 0.020833333333333325], [0.020833333333333325, 0.020833333333333325, 0.04166666666666665]], "Qe": [[0.0833333333333333], [0.0833333333333333], [0.0833333333333333]]}, "4": {"Ke": [[0.5000000000000002, 0.0, -0.5000000000000002], [0.0, 0.5000000000000002, -0.5000000000000002], [-0.5000000000000002, -0.5000000000000002, 1.0000000000000004]], "Me": [[0.04166666666666665, 0.020833333333333325, 0.020833333333333325], [0.020833333333333325, 0.04166666666666665, 0.020833333333333325], [0.020833333333333325, 0.020833333333333325, 0.04166666666666665]], "Qe": [[0.0833333333333333], [0.0833333333333333], [0.0833333333333333]]}, "5": {"Ke": [[0.5000000000000002, -0.5000000000000002, 0.0], [-0.5000000000000002, 1.0000000000000004, -0.5000000000000002], [0.0, -0.5000000000000002, 0.5000000000000002]], "Me": [[0.04166666666666665, 0.020833333333333325, 0.020833333333333325], [0.020833333333333325, 0.04166666666666665, 0.020833333333333325], [0.020833333333333325, 0.020833333333333325, 0.04166666666666665]], "Qe": [[0.0833333333333333], [0.0833333333333333], [0.0833333333333333]]}, "6": {"Ke": [[0.5000000000000002, 0.0, -0.5000000000000002], [0.0, 0.5000000000000002, -0.5000000000000002], [-0.5000000000000002, -0.5000000000000002, 1.0000000000000004]], "Me": [[0.04166666666666665, 0.020833333333333325, 0.020833333333333325], [0.020833333333333325, 0.04166666666666665, 0.020833333333333325], [0.020833333333333325, 0.020833333333333325, 0.04166666666666665]], "Qe": [[0.0833333333333333], [0.0833333333333333], [0.0833333333333333]]}, "7": {"Ke": [[0.5000000000000002, 0.0, -0.5000000000000002], [0.0, 0.5000000000000002, -0.5000000000000002], [-0.5000000000000002, -0.5000000000000002, 1.0000000000000004]], "Me": [[0.04166666666666665, 0.020833333333333325, 0.020833333333333325], [0.020833333333333325, 0.04166666666666665, 0.020833333333333325], [0.020833333333333325, 0.020833333333333325, 0.04166666666666665]], "Qe": [[0.0833333333333333], [0.0833333333333333], [0.0833333333333333]]}}