{"0": {"Ke": [[0.2500025000000001, -0.5000000000000002, 0.24999750000000012], [-0.5000000000000002, 1.0000000000000004, -0.5000000000000002], [0.24999750000000012, -0.5000000000000002, 0.2500025000000001]], "Me": [[0.0, 0.0, 0.0], [0.0, 0.0, 0.0], [0.0, 0.0, 0.0]], "Qe": [[0.0833333333333333], [0.0833333333333333], [0.0833333333333333]]}, "1": {"Ke": [[0.2500025000000001, -0.24999750000000012, -5.000000000000003e-06], [-0.24999750000000012, 0.2500025000000001, -5.000000000000003e-06], [-5.000000000000003e-06, -5.000000000000003e-06, 1.0000000000000006e-05]], "Me": [[0.0, 0.0, 0.0], [0.0, 0.0, 0.0], [0.0, 0.0, 0.0]], "Qe": [[0.0833333333333333], [0.0833333333333333], [0.0833333333333333]]}, "2": {"Ke": [[0.2500025000000001, -0.5000000000000002, 0.24999750000000012], [-0.5000000000000002, 1.0000000000000004, -0.5000000000000002], [0.24999750000000012, -0.5000000000000002, 0.2500025000000001]], "Me": [[0.0, 0.0, 0.0], [0.0, 0.0, 0.0], [0.0, 0.0, 0.0]], "Qe": [[0.0833333333333333], [0.0833333333333333], [0.0833333333333333]]}, "3": {"Ke": [[0.2500025000000001, -0.24999750000000012, -5.000000000000003e-06], [-0.24999750000000012, 0.2500025000000001, -5.000000000000003e-06], [-5.000000000000003e-06, -5.000000000000003e-06, 1.0000000000000006e-05]], "Me": [[0.0, 0.0, 0.0], [0.0, 0.0, 0.0], [0.0, 0.0, 0.0]], "Qe": [[0.0833333333333333], [0.0833333333333333], [0.0833333333333333]]}, "4": {"Ke": [[0.2500025000000001, 0.24999750000000012, -0.5000000000000002], [0.24999750000000012, 0.2500025000000001, -0.5000000000000002], [-0.5000000000000002, -0.5000000000000002, 1.0000000000000004]], "Me": [[0.0, 0.0, 0.0], [0.0, 0.0, 0.0], [0.0, 0.0, 0.0]], "Qe": [[0.0833333333333333], [0.0833333333333333], [0.0833333333333333]]}, "5": {"Ke": [[0.2500025000000001, -5.000000000000003e-06, -0.24999750000000012], [-5.000000000000003e-06, 1.0000000000000006e-05, -5.000000000000003e-06], [-0.24999750000000012, -5.000000000000003e-06, 0.2500025000000001]], "Me": [[0.0, 0.0, 0.0], [0.0, 0.0, 0.0], [0.0, 0.0, 0.0]], "Qe": [[0.0833333333333333], [0.0833333333333333], [0.0833333333333333]]}, "6": {"Ke": [[0.2500025000000001, -0.24999750000000012, -5.000000000000003e-06], [-0.24999750000000012, 0.2500025000000001, -5.000000000000003e-06], [-5.000000000000003e-06, -5.000000000000003e-06, 1.0000000000000006e-05]], "Me": [[0.0, 0.0, 0.0], [0.0, 0.0, 0.0], [0.0, 0.0, 0.0]], "Qe": [[0.0833333333333333], [0.0833333333333333], [0.0833333333333333]]}, "7": {"Ke": [[0.2500025000000001, 0.24999750000000012, -0.5000000000000002], [0.24999750000000012, 0.2500025000000001, -0.5000000000000002], [-0.5000000000000002, -0.5000000000000002, 1.0000000000000004]], "Me": [[0.0, 0.0, 0.0], [0.0, 0.0, 0.0], [0.0, 0.0, 0.0]], "Qe": [[0.0833333333333333], [0.0833333333333333], [0.0833333333333333]]}}